{"is_source_file": false, "format": "", "description": "", "external_files": [], "external_methods": [], "published": [], "classes": [], "methods": [], "calls": [], "search-terms": ["README.md", "simple-to-do-list"], "state": 2, "file_id": 1, "knowledge_revision": 14, "git_revision": "a0f8bf60d63d15796203688836f991670cbe6914", "hash": "3358fef605fdd0887f92d3c8ec43e2b9", "format-version": 4, "code-base-name": "todo_frontend", "filename": "README.md", "revision_history": [{"14": "a0f8bf60d63d15796203688836f991670cbe6914"}]}