{"is_source_file": true, "format": "JavaScript (React JSX)", "description": "This file defines a React functional component for a to-do list application. It manages state for tasks, supports adding, editing, toggling, and deleting tasks, persists data in localStorage, and includes UI logic for user interactions.", "external_files": ["./App.css"], "external_methods": ["window.localStorage.getItem", "window.localStorage.setItem", "crypto.randomUUID", "JSON.parse", "JSON.stringify"], "published": ["App"], "classes": [], "methods": [{"name": "loadTasksFromStorage()", "description": "Parses tasks from localStorage safely with error handling and data validation.", "scope": "", "scopeKind": ""}, {"name": "saveTasksToStorage(tasks)", "description": "Persists tasks array to localStorage, failing silently if storage fails.", "scope": "", "scopeKind": ""}, {"name": "addTask", "description": "Creates a new task with a unique ID and adds it to the task list."}, {"name": "toggleTask", "description": "Toggles the 'completed' status of a task given its ID."}, {"name": "deleteTask", "description": "Removes a task from the list based on its ID."}, {"name": "startEditing", "description": "Sets a specific task into editing mode."}, {"name": "cancelEditing", "description": "Cancels editing mode without saving changes."}, {"name": "saveEditing", "description": "Saves the current editing text to the task, deleting if the text is empty."}, {"name": "onNewTaskSubmit", "description": "Handles the form submission for adding a new task."}, {"name": "App()", "scope": "", "scopeKind": "", "description": "unavailable"}], "calls": ["loadTasksFromStorage", "saveTasksToStorage", "setTasks", "setNewTaskText", "setEditingId", "setEditingText", "editInputRef.current?.focus", "editInputRef.current?.select", "tasks.reduce", "setTasks", "setTasks", "setTasks", "setEditingId", "setEditingText", "deleteTask", "setEditingId", "setEditingText", "setTasks", "setTasks", "setEditingId", "setEditingText", "deleteTask", "setEditingId", "setEditingText", "setTasks", "setEditingId", "setEditingText", "setTasks"], "search-terms": ["React", "todo list", "localStorage", "task editing", "task management", "task list", "useState", "useEffect", "useRef"], "state": 2, "file_id": 7, "knowledge_revision": 26, "git_revision": "3add7fdfb53e524039a0c0ab96e20d863333cc51", "revision_history": [{"23": "3add7fdfb53e524039a0c0ab96e20d863333cc51"}, {"26": "3add7fdfb53e524039a0c0ab96e20d863333cc51"}], "ctags": [{"_type": "tag", "name": "App", "path": "/home/kavia/workspace/code-generation/simple-to-do-list-200184-200193/todo_frontend/src/App.js", "pattern": "/^function App() {$/", "language": "JavaScript", "kind": "function", "signature": "()"}, {"_type": "tag", "name": "STORAGE_KEY", "path": "/home/kavia/workspace/code-generation/simple-to-do-list-200184-200193/todo_frontend/src/App.js", "pattern": "/^const STORAGE_KEY = 'kavia.todo.tasks.v1';$/", "language": "JavaScript", "kind": "constant"}, {"_type": "tag", "name": "completed", "path": "/home/kavia/workspace/code-generation/simple-to-do-list-200184-200193/todo_frontend/src/App.js", "pattern": "/^      completed: false,$/", "language": "JavaScript", "kind": "property", "scope": "App.task", "scopeKind": "class"}, {"_type": "tag", "name": "createdAt", "path": "/home/kavia/workspace/code-generation/simple-to-do-list-200184-200193/todo_frontend/src/App.js", "pattern": "/^      createdAt: Date.now(),$/", "language": "JavaScript", "kind": "property", "scope": "App.task", "scopeKind": "class"}, {"_type": "tag", "name": "id", "path": "/home/kavia/workspace/code-generation/simple-to-do-list-200184-200193/todo_frontend/src/App.js", "pattern": "/^      id: crypto.randomUUID(),$/", "language": "JavaScript", "kind": "property", "scope": "App.task", "scopeKind": "class"}, {"_type": "tag", "name": "loadTasksFromStorage", "path": "/home/kavia/workspace/code-generation/simple-to-do-list-200184-200193/todo_frontend/src/App.js", "pattern": "/^function loadTasksFromStorage() {$/", "language": "JavaScript", "kind": "function", "signature": "()"}, {"_type": "tag", "name": "newTaskInputRef", "path": "/home/kavia/workspace/code-generation/simple-to-do-list-200184-200193/todo_frontend/src/App.js", "pattern": "/^              ref={newTaskInputRef}$/", "language": "JavaScript", "kind": "field", "scope": "App.ref", "scopeKind": "class"}, {"_type": "tag", "name": "newTaskText", "path": "/home/kavia/workspace/code-generation/simple-to-do-list-200184-200193/todo_frontend/src/App.js", "pattern": "/^              value={newTaskText}$/", "language": "JavaScript", "kind": "field", "scope": "App.value", "scopeKind": "class"}, {"_type": "tag", "name": "saveTasksToStorage", "path": "/home/kavia/workspace/code-generation/simple-to-do-list-200184-200193/todo_frontend/src/App.js", "pattern": "/^function saveTasksToStorage(tasks) {$/", "language": "JavaScript", "kind": "function", "signature": "(tasks)"}, {"_type": "tag", "name": "task", "path": "/home/kavia/workspace/code-generation/simple-to-do-list-200184-200193/todo_frontend/src/App.js", "pattern": "/^    const task = {$/", "language": "JavaScript", "kind": "class", "scope": "App", "scopeKind": "class"}, {"_type": "tag", "name": "text", "path": "/home/kavia/workspace/code-generation/simple-to-do-list-200184-200193/todo_frontend/src/App.js", "pattern": "/^      text: trimmed,$/", "language": "JavaScript", "kind": "property", "scope": "App.task", "scopeKind": "class"}], "hash": "8ae278261f594d3049cc0218f2b0ab01", "format-version": 4, "code-base-name": "todo_frontend", "filename": "todo_frontend/src/App.js", "fields": [{"name": "completed: false,", "scope": "App.task", "scopeKind": "class", "description": "unavailable"}, {"name": "createdAt: Date.now(),", "scope": "App.task", "scopeKind": "class", "description": "unavailable"}, {"name": "id: crypto.randomUUID(),", "scope": "App.task", "scopeKind": "class", "description": "unavailable"}, {"name": "ref={newTaskInputRef}", "scope": "App.ref", "scopeKind": "class", "description": "unavailable"}, {"name": "value={newTaskText}", "scope": "App.value", "scopeKind": "class", "description": "unavailable"}, {"name": "text: trimmed,", "scope": "App.task", "scopeKind": "class", "description": "unavailable"}]}