{"is_source_file": true, "format": "JavaScript", "description": "Test setup file for configuring Jest DOM matchers in a JavaScript project, enabling improved assertions on DOM nodes during testing.", "external_files": ["@testing-library/jest-dom"], "external_methods": [], "published": [], "classes": [], "methods": [], "calls": ["import '@testing-library/jest-dom'"], "search-terms": ["jest-dom", "setupTests", "testing-library", "DOM matchers", "React testing"], "state": 2, "file_id": 8, "knowledge_revision": 25, "git_revision": "3add7fdfb53e524039a0c0ab96e20d863333cc51", "ctags": [], "hash": "1a77571e1a8cf36018a41bcedf60db75", "format-version": 4, "code-base-name": "todo_frontend", "filename": "todo_frontend/src/setupTests.js", "revision_history": [{"25": "3add7fdfb53e524039a0c0ab96e20d863333cc51"}]}