{"is_source_file": false, "format": "", "description": "", "external_files": [], "external_methods": [], "published": [], "classes": [], "methods": [], "calls": [], "search-terms": [], "state": 2, "file_id": 12, "knowledge_revision": 30, "git_revision": "b390d6a7ae61366939a3e0a9fceec6629009fa23", "hash": "96ccdb7ccd9e99a3d521bf6846d09458", "format-version": 4, "code-base-name": "todo_frontend", "filename": "todo_frontend/package.json", "revision_history": [{"30": "b390d6a7ae61366939a3e0a9fceec6629009fa23"}]}