{"is_source_file": false, "format": "", "description": "", "external_files": [], "external_methods": [], "published": [], "classes": [], "methods": [], "calls": [], "search-terms": [], "state": 2, "file_id": 11, "knowledge_revision": 28, "git_revision": "3add7fdfb53e524039a0c0ab96e20d863333cc51", "hash": "e8b21c600924b43fdeac12c3b3bb0cef", "format-version": 4, "code-base-name": "todo_frontend", "filename": "todo_frontend/src/index.css", "revision_history": [{"28": "3add7fdfb53e524039a0c0ab96e20d863333cc51"}]}