{"is_source_file": false, "format": "", "description": "", "external_files": [], "external_methods": [], "published": [], "classes": [], "methods": [], "calls": [], "search-terms": [], "state": 2, "file_id": 9, "knowledge_revision": 27, "git_revision": "3add7fdfb53e524039a0c0ab96e20d863333cc51", "hash": "7e2cd714dc1ac8a25d4b97518dbf902f", "format-version": 4, "code-base-name": "todo_frontend", "filename": "todo_frontend/src/App.css", "revision_history": [{"27": "3add7fdfb53e524039a0c0ab96e20d863333cc51"}]}