{"is_source_file": false, "format": "JSON", "description": "", "external_files": [], "external_methods": [], "published": [], "classes": [], "methods": [], "calls": [], "search-terms": ["React App", "manifest.json", "create-react-app", "icons", "start_url"], "state": 2, "file_id": 4, "knowledge_revision": 20, "git_revision": "3add7fdfb53e524039a0c0ab96e20d863333cc51", "hash": "d9d975cebe2ec20b6c652e1e4c12ccf0", "format-version": 4, "code-base-name": "todo_frontend", "filename": "todo_frontend/public/manifest.json", "revision_history": [{"20": "3add7fdfb53e524039a0c0ab96e20d863333cc51"}]}