{"is_source_file": true, "format": "JavaScript (React JSX)", "description": "This is the main entry point for a React application, initializing the app by rendering the root component into the DOM.", "external_files": ["./App", "./index.css"], "external_methods": ["ReactDOM.createRoot", "root.render"], "published": [], "classes": [], "methods": [{"name": "ReactDOM.createRoot", "description": "Creates a root for rendering a React component tree into the specified DOM element."}, {"name": "root.render", "description": "Renders the React component tree into the DOM."}], "calls": ["ReactDOM.createRoot", "root.render", "<React.StrictMode>", "<App />"], "search-terms": ["index.js", "ReactDOM", "React.StrictMode", "App", "main entry point"], "state": 2, "file_id": 10, "knowledge_revision": 24, "git_revision": "3add7fdfb53e524039a0c0ab96e20d863333cc51", "ctags": [{"_type": "tag", "name": "root", "path": "/home/kavia/workspace/code-generation/simple-to-do-list-200184-200193/todo_frontend/src/index.js", "pattern": "/^const root = ReactDOM.createRoot(document.getElementById('root'));$/", "language": "JavaScript", "kind": "constant"}], "hash": "9fc5841375336fc175b49f8767a11383", "format-version": 4, "code-base-name": "todo_frontend", "filename": "todo_frontend/src/index.js", "revision_history": [{"24": "3add7fdfb53e524039a0c0ab96e20d863333cc51"}]}