{"is_source_file": true, "format": "JavaScript Module (ESM)", "description": "ESLint configuration file for a JavaScript/React project, specifying parser options, plugins, and rules.", "external_files": ["@eslint/js", "eslint-plugin-react"], "external_methods": [], "published": [], "classes": [], "methods": [], "calls": ["pluginJs", "pluginReact", "pluginJs.configs.recommended"], "search-terms": ["eslint", "eslint.config", "react", "parserOptions", "rules", "@eslint/js", "eslint-plugin-react"], "state": 2, "file_id": 3, "knowledge_revision": 16, "git_revision": "3add7fdfb53e524039a0c0ab96e20d863333cc51", "hash": "be6538e7523bc2e9da0743133d784136", "format-version": 4, "code-base-name": "todo_frontend", "filename": "todo_frontend/eslint.config.mjs", "revision_history": [{"16": "3add7fdfb53e524039a0c0ab96e20d863333cc51"}]}